bfa-import-1-3-3.0-0.001983.yml,9
bfa-import-1-3-3.0-0.yml,9
bfa-import-1-3-4.301-0.001983.yml,9
bfa-import-1-3-4.301-0.yml,9
bfa-import-1-6-3.0-0.001983.yml,9
bfa-import-1-6-3.0-0.yml,9
bfa-import-1-6-4.301-0.001983.yml,9
bfa-import-1-6-4.301-0.yml,9
bfa-import-1-9-3.0-0.001983.yml,9
bfa-import-1-9-3.0-0.yml,9
bfa-import-1-9-4.301-0.001983.yml,9
bfa-import-1-9-4.301-0.yml,9
bfa-import-2-3-3.0-0.001983.yml,9
bfa-import-2-3-3.0-0.yml,9
bfa-import-2-3-4.301-0.001983.yml,9
bfa-import-2-3-4.301-0.yml,9
bfa-import-2-6-3.0-0.001983.yml,9
bfa-import-2-6-3.0-0.yml,9
bfa-import-2-6-4.301-0.001983.yml,9
bfa-import-2-6-4.301-0.yml,9
bfa-import-2-9-3.0-0.001983.yml,9
bfa-import-2-9-3.0-0.yml,9
bfa-import-2-9-4.301-0.001983.yml,9
bfa-import-2-9-4.301-0.yml,9
bfa-import-3-3-3.0-0.001983.yml,9
bfa-import-3-3-3.0-0.yml,9
bfa-import-3-3-4.301-0.001983.yml,9
bfa-import-3-3-4.301-0.yml,9
bfa-import-3-6-3.0-0.001983.yml,9
bfa-import-3-6-3.0-0.yml,9
bfa-import-3-6-4.301-0.001983.yml,9
bfa-import-3-6-4.301-0.yml,9
bfa-import-3-9-3.0-0.001983.yml,9
bfa-import-3-9-3.0-0.yml,9
bfa-import-3-9-4.301-0.001983.yml,9
bfa-import-3-9-4.301-0.yml,9
bfa-import-4-3-3.0-0.001983.yml,9
bfa-import-4-3-3.0-0.yml,9
bfa-import-4-3-4.301-0.001983.yml,9
bfa-import-4-3-4.301-0.yml,9
bfa-import-4-6-3.0-0.001983.yml,9
bfa-import-4-6-3.0-0.yml,9
bfa-import-4-6-4.301-0.001983.yml,9
bfa-import-4-6-4.301-0.yml,9
bfa-import-4-9-3.0-0.001983.yml,9
bfa-import-4-9-3.0-0.yml,9
bfa-import-4-9-4.301-0.001983.yml,9
bfa-import-4-9-4.301-0.yml,9
bfa-import-5-3-3.0-0.001983.yml,9
bfa-import-5-3-3.0-0.yml,9
bfa-import-5-3-4.301-0.001983.yml,9
bfa-import-5-3-4.301-0.yml,9
bfa-import-5-6-3.0-0.001983.yml,9
bfa-import-5-6-3.0-0.yml,9
bfa-import-5-6-4.301-0.001983.yml,9
bfa-import-5-6-4.301-0.yml,9
bfa-import-5-9-3.0-0.001983.yml,9
bfa-import-5-9-3.0-0.yml,9
bfa-import-5-9-4.301-0.001983.yml,9
bfa-import-5-9-4.301-0.yml,9
bfa-import-6-3-3.0-0.001983.yml,9
bfa-import-6-3-3.0-0.yml,9
bfa-import-6-3-4.301-0.001983.yml,9
bfa-import-6-3-4.301-0.yml,9
bfa-import-6-6-3.0-0.001983.yml,9
bfa-import-6-6-3.0-0.yml,9
bfa-import-6-6-4.301-0.001983.yml,9
bfa-import-6-6-4.301-0.yml,9
bfa-import-6-9-3.0-0.001983.yml,9
bfa-import-6-9-3.0-0.yml,9
bfa-import-6-9-4.301-0.001983.yml,9
bfa-import-6-9-4.301-0.yml,9
bfa-import-7-3-3.0-0.001983.yml,9
bfa-import-7-3-3.0-0.yml,9
bfa-import-7-3-4.301-0.001983.yml,9
bfa-import-7-3-4.301-0.yml,9
bfa-import-7-6-3.0-0.001983.yml,9
bfa-import-7-6-3.0-0.yml,9
bfa-import-7-6-4.301-0.001983.yml,9
bfa-import-7-6-4.301-0.yml,9
bfa-import-7-9-3.0-0.001983.yml,9
bfa-import-7-9-3.0-0.yml,9
bfa-import-7-9-4.301-0.001983.yml,9
bfa-import-7-9-4.301-0.yml,9
bfa-import-8-3-3.0-0.001983.yml,9
bfa-import-8-3-3.0-0.yml,9
bfa-import-8-3-4.301-0.001983.yml,9
bfa-import-8-3-4.301-0.yml,9
bfa-import-8-6-3.0-0.001983.yml,9
bfa-import-8-6-3.0-0.yml,9
bfa-import-8-6-4.301-0.001983.yml,9
bfa-import-8-6-4.301-0.yml,9
bfa-import-8-9-3.0-0.001983.yml,9
bfa-import-8-9-3.0-0.yml,9
bfa-import-8-9-4.301-0.001983.yml,9
bfa-import-8-9-4.301-0.yml,9
bfa-import-9-3-3.0-0.001983.yml,9
bfa-import-9-3-3.0-0.yml,9
bfa-import-9-3-4.301-0.001983.yml,9
bfa-import-9-3-4.301-0.yml,9
bfa-import-9-6-3.0-0.001983.yml,9
bfa-import-9-6-3.0-0.yml,9
bfa-import-9-6-4.301-0.001983.yml,9
bfa-import-9-6-4.301-0.yml,9
bfa-import-9-9-3.0-0.001983.yml,9
bfa-import-9-9-3.0-0.yml,9
bfa-import-9-9-4.301-0.001983.yml,9
bfa-import-9-9-4.301-0.yml,9
bfa-import-10-3-3.0-0.001983.yml,9
bfa-import-10-3-3.0-0.yml,9
bfa-import-10-3-4.301-0.001983.yml,9
bfa-import-10-3-4.301-0.yml,9
bfa-import-10-6-3.0-0.001983.yml,9
bfa-import-10-6-3.0-0.yml,9
bfa-import-10-6-4.301-0.001983.yml,9
bfa-import-10-6-4.301-0.yml,9
bfa-import-10-9-3.0-0.001983.yml,9
bfa-import-10-9-3.0-0.yml,9
bfa-import-10-9-4.301-0.001983.yml,9
bfa-import-10-9-4.301-0.yml,9
bfa-import-11-3-3.0-0.001983.yml,9
bfa-import-11-3-3.0-0.yml,9
bfa-import-11-3-4.301-0.001983.yml,9
bfa-import-11-3-4.301-0.yml,9
bfa-import-11-6-3.0-0.001983.yml,9
bfa-import-11-6-3.0-0.yml,9
bfa-import-11-6-4.301-0.001983.yml,9
bfa-import-11-6-4.301-0.yml,9
bfa-import-11-9-3.0-0.001983.yml,9
bfa-import-11-9-3.0-0.yml,9
bfa-import-11-9-4.301-0.001983.yml,9
bfa-import-11-9-4.301-0.yml,9
bfa-import-12-3-3.0-0.001983.yml,9
bfa-import-12-3-3.0-0.yml,9
bfa-import-12-3-4.301-0.001983.yml,9
bfa-import-12-3-4.301-0.yml,9
bfa-import-12-6-3.0-0.001983.yml,9
bfa-import-12-6-3.0-0.yml,9
bfa-import-12-6-4.301-0.001983.yml,9
bfa-import-12-6-4.301-0.yml,9
bfa-import-12-9-3.0-0.001983.yml,9
bfa-import-12-9-3.0-0.yml,9
bfa-import-12-9-4.301-0.001983.yml,9
bfa-import-12-9-4.301-0.yml,9
